{
  "lang":"xcl",
  "name":"pipeline",
  "version":"0.0.0",
  "spacy_version":">=3.6.1,<3.7.0",
  "description":"",
  "author":"",
  "email":"",
  "url":"",
  "license":"",
  "spacy_git_version":"458bc5f45",
  "vectors":{
    "width":0,
    "vectors":0,
    "keys":0,
    "name":null,
    "mode":"default"
  },
  "labels":{
    "tok2vec":[

    ],
    "parser":[
      "ROOT",
      "acl",
      "advcl",
      "advmod",
      "amod",
      "appos",
      "aux",
      "case",
      "cc",
      "ccomp",
      "conj",
      "cop",
      "csubj",
      "dep",
      "det",
      "discourse",
      "fixed",
      "iobj",
      "mark",
      "nmod",
      "nsubj",
      "nummod",
      "obj",
      "obl",
      "orphan",
      "parataxis",
      "punct",
      "vocative",
      "xcomp"
    ]
  },
  "pipeline":[
    "tok2vec",
    "parser"
  ],
  "components":[
    "tok2vec",
    "parser"
  ],
  "disabled":[

  ],
  "performance":{
    "dep_uas":0.4235335814,
    "dep_las":0.3693071061,
    "dep_las_per_type":{
      "cc":{
        "p":0.8071748879,
        "r":0.614334471,
        "f":0.6976744186
      },
      "nsubj":{
        "p":0.5960264901,
        "r":0.4054054054,
        "f":0.4825737265
      },
      "advmod":{
        "p":0.6444444444,
        "r":0.479338843,
        "f":0.5497630332
      },
      "obj":{
        "p":0.4418604651,
        "r":0.0964467005,
        "f":0.1583333333
      },
      "root":{
        "p":0.7307692308,
        "r":0.6589595376,
        "f":0.6930091185
      },
      "case":{
        "p":0.9083333333,
        "r":0.3949275362,
        "f":0.5505050505
      },
      "obl":{
        "p":0.5877192982,
        "r":0.281512605,
        "f":0.3806818182
      },
      "aux":{
        "p":0.8,
        "r":0.3333333333,
        "f":0.4705882353
      },
      "det":{
        "p":0.6097560976,
        "r":0.0656167979,
        "f":0.1184834123
      },
      "conj":{
        "p":0.4220183486,
        "r":0.2288557214,
        "f":0.2967741935
      },
      "ccomp":{
        "p":0.5609756098,
        "r":0.4259259259,
        "f":0.4842105263
      },
      "iobj":{
        "p":0.7333333333,
        "r":0.4285714286,
        "f":0.5409836066
      },
      "cop":{
        "p":0.6060606061,
        "r":0.5128205128,
        "f":0.5555555556
      },
      "xcomp":{
        "p":0.5,
        "r":0.4,
        "f":0.4444444444
      },
      "mark":{
        "p":0.7816091954,
        "r":0.6732673267,
        "f":0.7234042553
      },
      "advcl":{
        "p":0.6417910448,
        "r":0.4134615385,
        "f":0.5029239766
      },
      "vocative":{
        "p":0.5,
        "r":0.1111111111,
        "f":0.1818181818
      },
      "nsubj:caus":{
        "p":0.0,
        "r":0.0,
        "f":0.0
      },
      "nmod":{
        "p":0.7142857143,
        "r":0.2597402597,
        "f":0.380952381
      },
      "appos":{
        "p":0.3333333333,
        "r":0.0555555556,
        "f":0.0952380952
      },
      "amod":{
        "p":0.4,
        "r":0.1538461538,
        "f":0.2222222222
      },
      "acl":{
        "p":0.2702702703,
        "r":0.1818181818,
        "f":0.2173913043
      },
      "orphan":{
        "p":0.0,
        "r":0.0,
        "f":0.0
      },
      "obl:agent":{
        "p":0.0,
        "r":0.0,
        "f":0.0
      },
      "discourse":{
        "p":0.6153846154,
        "r":0.4444444444,
        "f":0.5161290323
      },
      "parataxis":{
        "p":0.0,
        "r":0.0,
        "f":0.0
      },
      "fixed":{
        "p":0.7647058824,
        "r":0.6842105263,
        "f":0.7222222222
      },
      "csubj":{
        "p":0.0,
        "r":0.0,
        "f":0.0
      },
      "dep":{
        "p":0.0,
        "r":0.0,
        "f":0.0
      },
      "nummod":{
        "p":0.0,
        "r":0.0,
        "f":0.0
      },
      "csubj:caus":{
        "p":0.0,
        "r":0.0,
        "f":0.0
      },
      "nsubj:pass":{
        "p":0.0,
        "r":0.0,
        "f":0.0
      },
      "flat:name":{
        "p":0.0,
        "r":0.0,
        "f":0.0
      }
    },
    "sents_p":0.54,
    "sents_r":0.6242774566,
    "sents_f":0.5790884718,
    "tok2vec_loss":5562.9402689738,
    "parser_loss":10104.4561828818
  }
}