{
  "lang":"xcl",
  "name":"pipeline",
  "version":"0.0.0",
  "spacy_version":">=3.6.1,<3.7.0",
  "description":"",
  "author":"",
  "email":"",
  "url":"",
  "license":"",
  "spacy_git_version":"458bc5f45",
  "vectors":{
    "width":0,
    "vectors":0,
    "keys":0,
    "name":null,
    "mode":"default"
  },
  "labels":{
    "tok2vec":[

    ]
  },
  "pipeline":[
    "tok2vec",
    "trainable_lemmatizer"
  ],
  "components":[
    "tok2vec",
    "trainable_lemmatizer"
  ],
  "disabled":[

  ],
  "performance":{
    "lemma_acc":0.6721598878,
    "tok2vec_loss":24.0344199025,
    "trainable_lemmatizer_loss":22.2946647863
  }
}